id,homepage,title
862,http://toystory.disney.com/toy-story,Toy Story
22586,http://www.sonypictures.com/movies/theswanprincess/,The Swan Princess
8587,http://movies.disney.com/the-lion-king,The Lion King
812,http://movies.disney.com/aladdin,Aladdin
408,http://movies.disney.com/snow-white-and-the-seven-dwarfs,Snow White and the Seven Dwarfs
10020,http://disney.go.com/disneyvideos/animatedfilms/beauty/?cmp=dcom_VAN_WDSHE_BEA_van_batb__Extl,Beauty and the Beast
10539,http://movies.disney.com/james-and-the-giant-peach,James and the Giant Peach
2300,http://www.warnerbros.com/archive/spacejam/movie/jam.htm,Space Jam
532,http://www.wallaceandgromit.com/films/a-close-shave,A Close Shave
11224,http://movies.disney.com/cinderella-1950,Cinderella
15947,http://movies.disney.com/the-three-caballeros,The Three Caballeros
10948,http://movies.disney.com/the-fox-and-the-hound,The Fox and the Hound
11238,http://movies.disney.com/aladdin-and-the-king-of-thieves,Aladdin and the King of Thieves
531,http://www.wallaceandgromit.com/films/the-wrong-trousers,The Wrong Trousers
530,http://www.wallaceandgromit.com/films/a-grand-day-out,A Grand Day Out
149,http://www.bandaivisual.co.jp/akira/,Akira
756,http://movies.disney.com/fantasia,Fantasia
3170,http://movies.disney.com/bambi,Bambi
9994,http://movies.disney.com/the-great-mouse-detective,The Great Mouse Detective
9325,http://movies.disney.com/the-jungle-book-1967,The Jungle Book
12230,http://movies.disney.com/101-dalmatians-1961,One Hundred and One Dalmatians
15969,http://movies.disney.com/aladdin-the-return-of-jafar,The Return of Jafar
9487,http://movies.disney.com/a-bugs-life,A Bug's Life
37135,http://disneydvd.disney.go.com/tarzanr-special-edition.html,Tarzan
10386,https://www.warnerbros.com/iron-giant,The Iron Giant
10494,http://www.madhouse.co.jp/works/1999-1997/works_movie_perfectblue.html,Perfect Blue
863,http://toystory.disney.com/toy-story-2,Toy Story 2
49948,http://movies.disney.com/fantasia-2000,Fantasia 2000
15655,http://www.tigger.com,The Tigger Movie
22500,http://www.eurekavideo.co.uk/moc/catalogue/gandahar,Gandahar
12599,http://p2kmovie.warnerbros.com/index2.html,Pokémon: The Movie 2000
10991,http://movies.warnerbros.com/pk3/,Pokémon: Spell of the Unknown
808,http://www.shrek.com/,Shrek
10865,http://www.disney.com/atlantis,Atlantis: The Lost Empire
36107,http://happyproduct.com,More
12610,http://www.osmosisjones.com/,Osmosis Jones
10016,http://www.theofficialjohncarpenter.com/ghost-of-mars/,Ghosts of Mars
585,http://movies.disney.com/monsters-inc,"Monsters, Inc."
33155,http://www.crownintlpictures.com/dgtitles.html,Galaxina
425,http://www.iceagemovies.com/films/ice-age,Ice Age
129,http://movies.disney.com/spirited-away,Spirited Away
12600,http://www.pokemon.com/us/movies/movie-pokemon-4ever-2002/,Pokémon 4Ever: Celebi - Voice of the Forest
11299,http://www.sonypictures.com/cthe/cowboybebop/,Cowboy Bebop: The Movie
33875,http://www.pokemon.com/us/movies/movie-pokemon-heroes-2003/,Pokémon Heroes: Latios and Latias
30055,http://tmbw.net/wiki/Gigantic,Gigantic (A Tale Of Two Johns)
12,http://movies.disney.com/finding-nemo,Finding Nemo
14411,http://sinbad-themovie.com/main.html,Sinbad: Legend of the Seven Seas
9662,http://www.sonyclassics.com/triplets/,The Triplets of Belleville
10009,http://movies.disney.com/brother-bear,Brother Bear
81,http://movies.disney.com/nausicaa-of-the-valley-of-the-wind,Nausicaä of the Valley of the Wind
20043,https://www.alltheanime.com/collections/royal-space-force-the-wings-of-honneamise,Royal Space Force - The Wings Of Honneamise
13700,http://movies.disney.com/home-on-the-range,Home on the Range
36751,http://lucasfilm.com/twice-upon-a-time,Twice Upon a Time
809,http://www.shrek2.com/,Shrek 2
11052,http://yugioh.warnerbros.com/,Yu-Gi-Oh! The Movie
3989,http://www.teamamerica.com,Team America: World Police
9806,http://disney.go.com/disneyvideos/animatedfilms/incredibles/main.html,The Incredibles
15080,http://onlyyesterdayfilm.com/,Only Yesterday
18837,http://www.macross.co.jp/,Macross Plus: Movie Edition
15653,http://movies.disney.com/an-extremely-goofy-movie,An Extremely Goofy Movie
919,http://www.bloodthemovie.com/,Blood: The Last Vampire
55931,http://www.intothematrix.com/,The Animatrix
3509,http://www.warnerbros.com/movies/home-entertainment/scanner-darkly-a/d7c290af-c285-41c4-a4d6-efb3a86b3893.html,A Scanner Darkly
27042,http://www.sonypictures.com/movies/chubbchubbs/,The ChubbChubbs!
15283,http://movies.disney.com/pom-poko,Pom Poko
30863,http://www.mutantaliensmovie.com/main.html,Mutant Aliens
3933,http://corpsebridemovie.warnerbros.com/,Corpse Bride
647,http://na.square-enix.com/ff7acc/,Final Fantasy VII: Advent Children
533,http://www.wallaceandgromit.com/films/the-curse-of-the-wererabbit,The Curse of the Were-Rabbit
9982,http://movies.disney.com/chicken-little,Chicken Little
13925,http://www.pixar.com/short_films/Theatrical-Shorts/Luxo-Jr.,Luxo Jr.
10982,http://www.hoodwinkedthemovie.com,Hoodwinked!
950,http://www.iceagemovies.com/films/ice-age-the-meltdown,Ice Age: The Meltdown
9904,http://www.disney.com/thewild,The Wild
920,http://disney.go.com/disneyvideos/animatedfilms/cars/,Cars
9297,http://www.sonypictures.com/movies/monsterhouse/,Monster House
9906,http://www.theantbully.com,The Ant Bully
21712,http://www.mindgame.jp,Mind Game
7484,http://www.sonypictures.com/movies/openseason/,Open Season
11619,http://www.dreamworksanimation.com/flushed/,Flushed Away
9836,http://www.warnerbros.com/happy-feet,Happy Feet
12924,http://www.kumonomukou.com/,The Place Promised in Our Early Days
5393,http://www.happilyneverafterthefilm.com/,Happily N'Ever After
2062,http://disney.go.com/disneypictures/ratatouille/,Ratatouille
13517,http://www.uglyandme.com/,The Ugly Duckling and Me!
8965,http://disneydvd.disney.go.com/atlantis-milos-return.html,Atlantis: Milo's Return
1273,https://www.warnerbros.com/tmnt,TMNT
14945,http://www.gin-iro.jp/,Origin: Spirits of the Past
37933,http://disney.go.com/disneypictures/earthsea/#/home,Tales from Earthsea
4977,http://www.sonyclassics.com/paprika/,Paprika
810,http://www.shrekthethird.com/flash/index.html,Shrek the Third
9408,http://www.sonypictures.com/homevideo/surfsup/,Surf's Up
35,http://www.simpsonsmovie.com/,The Simpsons Movie
13754,http://www.tekkon.net/,Tekkonkinkreet
2011,http://www.sonypictures.com/classics/persepolis/,Persepolis
5559,http://www.beemovie.com/,Bee Movie
2310,http://www.beowulfmovie.com/,Beowulf
6477,http://www.chipmunks.com,Alvin and the Chipmunks
9502,http://www.kungfupanda.com/,Kung Fu Panda
10681,http://disney.go.com/disneypictures/wall-e/,WALL·E
13205,http://movies.disney.com/bambi-2,Bambi II
11802,http://www.spacechimpspower.com/,Space Chimps
13851,http://www.warnervideo.com/batmangothamknight/,Batman: Gotham Knight
12180,http://www.starwars.com/clonewars/site/index.html,Star Wars: The Clone Wars
8885,http://waltzwithbashir.com,Waltz with Bashir
10527,http://www.madagascar-themovie.com,Madagascar: Escape 2 Africa
13053,http://movies.disney.com/bolt,Bolt
14447,http://www.wallaceandgromit.com/films/loafanddeath/,A Matter of Loaf and Death
20542,http://www.delgo.com/,Delgo
13980,http://www.stranja.jp/,Sword of the Stranger
38142,http://5cm.yahoo.co.jp,5 Centimeters per Second
10199,https://www.uphe.com/movies/the-tale-of-despereaux,The Tale of Despereaux
14836,http://coraline.com/,Coraline
14711,http://www.afrosamurai.com/,Afro Samurai: Resurrection
15854,http://www.kungfupanda.com/,Kung Fu Panda: Secrets of the Furious Five
15512,http://www.monstersvsaliens.com/,Monsters vs Aliens
14160,http://disney.go.com/disneypictures/up/,Up
14003,http://www.fullmetalalchemist.com/movie/index.htm,Fullmetal Alchemist the Movie: Conqueror of Shamballa
8355,http://www.iceagemovies.com/films/ice-age-dawn-of-the-dinosaurs,Ice Age: Dawn of the Dinosaurs
16226,http://www.ladydeathuniverse.com/,Lady Death
15137,http://www.evangelion.co.jp/,Evangelion: 1.0: You Are (Not) Alone
37047,http://www.tv-tokyo.co.jp/anime/lovehina/,Love Hina Christmas Special: Silent Eve
17445,https://www.warnerbros.com/green-lantern-first-flight,Green Lantern: First Flight
22794,http://www.cloudywithachanceofmeatballs.com/,Cloudy with a Chance of Meatballs
16873,http://www.battleforterra.com/,Battle for Terra
36800,http://metropiathemovie.com,Metropia
24238,http://www.maryandmax.com/,Mary and Max
48329,http://en.wikipedia.org/wiki/Ryan_%28film%29,Ryan
16577,http://www.astroboy-themovie.com/,Astro Boy
10315,http://www.foxsearchlight.com/fantasticmrfox/,Fantastic Mr. Fox
17979,http://disney.go.com/disneypictures/achristmascarol/?cmp=dcom_VAN_WDSHE_ACC_van_dcomcc__Extl,A Christmas Carol
24480,http://www.pixar.com/short_films/Theatrical-Shorts/Partly-Cloudy,Partly Cloudy
37060,http://www.dasrad.com,Rocks
15400,http://movies.disney.com/mickeys-once-upon-a-christmas,Mickey's Once Upon a Christmas
16866,http://www.sonypictures.com/movies/planet51/,Planet 51
10198,http://disney.go.com/disneypictures/princessandthefrog/,The Princess and the Frog
23398,http://www.munkyourself.com/,Alvin and the Chipmunks: The Squeakquel
19311,http://www.9dollars99movie.com/,$9.99
26963,http://www.thesecretofkells.com/,The Secret of Kells
40623,http://www.atowncalledpanic.tv/,A Town Called Panic
10191,http://www.howtotrainyourdragon.com/,How to Train Your Dragon
22582,http://tomandjerrythemovie.warnerbros.com,Tom and Jerry: The Movie
47813,http://www.wakingsleepingbeautymovie.com/,Waking Sleeping Beauty
15877,http://sky.crawlers.jp/tsushin/,The Sky Crawlers
31261,http://halo.xbox.com/en-us/halolegends,Halo Legends
14518,http://www.peterandthewolffilm.co.uk/,Peter & the Wolf
36736,http://www.comedycentral.com/shows/drawn_together/index.jhtml,The Drawn Together Movie: The Movie!
10193,http://disney.go.com/toystory/,Toy Story 3
10192,http://www.shrekforeverafter.com/,Shrek Forever After
20352,http://www.despicable.me/,Despicable Me
40662,http://www.warnerbros.com/batman-under-red-hood,Batman: Under the Red Hood
9761,http://www.elephantsdream.org/,Elephants Dream
45162,http://warnervideo.com/supermanbatmanapocalypse//,Superman/Batman: Apocalypse
38568,http://howlthemovie.com/,Howl
41216,http://legendoftheguardians.warnerbros.com/,Legend of the Guardians: The Owls of Ga'Hoole
45745,http://durian.blender.org/,Sintel
10378,http://www.bigbuckbunny.org,Big Buck Bunny
17031,http://www.dragonlance-movie.com/,Dragonlance: Dragons Of Autumn Twilight
41201,http://www.sonyclassics.com/theillusionist/,The Illusionist
38055,http://www.megamind.com,Megamind
38757,http://disney.go.com/disneypictures/tangled/,Tangled
51739,http://disney.go.com/official-sites/arrietty/index,The Secret World of Arrietty
41515,http://www.yogibear.com/,Yogi Bear
40619,http://www.pixar.com/shorts/d&n/index.html,Day & Night
22843,http://www.evangelion.co.jp/,Evangelion: 2.0 You Can (Not) Advance
45772,http://gnomeoandjuliet.com/,Gnomeo & Juliet
44896,http://www.rangomovie.com/,Rango
28874,http://s-wars.jp/,Summer Wars
50321,http://disney.go.com/disneypictures/marsneedsmoms/#home,Mars Needs Moms
18143,http://www2.odn.ne.jp/~ccs50140/cat/index.html,She and Her Cat: Their Standing Points
13413,http://www.pixar.com/short_films/Home-Entertainment-Shorts/BURN-E,BURN·E
50359,http://www.iwantcandy.com/,Hop
46105,http://www.americanthemovie.com/,American: The Bill Hicks Story
46195,http://www.riomovies.com/,Rio
42521,http://www.idiotsandangels.com/,Idiots and Angels
49444,http://www.kungfupanda.com/,Kung Fu Panda 2
49013,http://www.disney.go.com/cars/,Cars 2
38645,http://andthencamelola.com/,And Then Came Lola
51162,http://disney.go.com/pooh/home/,Winnie the Pooh
13931,http://www.pixar.com/short_films/Home-Entertainment-Shorts/Mike's-New-Car,Mike's New Car
41513,http://www.smurfhappens.com/,The Smurfs
12819,http://alphaandomega3d.com/index.html,Alpha and Omega
69735,https://www.warnerbros.com/batman-year-one/about,Batman: Year One
17578,http://www.us.movie.tintin.com/,The Adventures of Tintin
13060,https://www.pixar.com/lifted#lifted-1,Lifted
65759,http://happyfeettwo.warnerbros.com/index.html,Happy Feet Two
51052,http://www.arthurchristmas.com/,Arthur Christmas
55301,http://www.munkyourself.com/,Alvin and the Chipmunks: Chipwrecked
41066,http://www.layton-movie.jp/,Professor Layton and the Eternal Diva
50393,http://www.kungfupanda.com,Kung Fu Panda Holiday
63498,http://www.chicoandrita.com,Chico & Rita
36865,http://haruhi.tv/fanclub/syoshitsu.html,The Disappearance of Haruhi Suzumiya
58704,http://corp.toei-anim.co.jp/english/film/pussn_boots.php,The Wonderful World of Puss 'n Boots
15167,http://barbie.everythinggirl.com/Nutcracker/,Barbie in the Nutcracker
79707,http://www.hoshi-o-kodomo.jp,Children Who Chase Lost Voices
20683,http://www.studio-rikka.com/page/pale/pale_top.htm,Pale Cocoon
37928,http://www.cencoroll.com/,Cencoroll
35435,http://juiz.jp/special/,Eden of the East Movie I: The King of Eden
44734,http://juiz.jp/special/,Eden of the East Movie II: Paradise Lost
13640,http://www.warnerbros.com/superman-doomsday,Superman: Doomsday
22855,http://www.warnervideo.com/supermanbatmandvd/,Superman/Batman: Public Enemies
62177,http://disney.go.com/brave/#/home,Brave
13042,http://www.pixar.com/shorts/presto/index.html,Presto
13932,http://www.pixar.com/short_films/Home-Entertainment-Shorts/Jack-Jack-Attack,Jack-Jack Attack
13062,http://www.pixar.com,Boundin'
57800,http://www.iceagemovies.com/films/ice-age-continental-drift,Ice Age: Continental Drift
13930,http://www.pixar.com/short_films/Theatrical-Shorts/For-the-Birds,For the Birds
77174,http://paranorman.com,ParaNorman
14128,http://movies.disney.com/cinderella-2-dreams-come-true,Cinderella II: Dreams Come True
17165,http://www.bleach-movie.com/,Bleach the Movie: Fade to Black
62214,http://movies.disney.com/frankenweenie-2012,Frankenweenie
76492,http://www.welcometohotelt.com,Hotel Transylvania
35253,http://films.nfb.ca/madame-tutli-putli/index.php,Madame Tutli-Putli
57089,http://www.hoodwinkedtoomovie.com/,Hoodwinked Too! Hood VS. Evil
82690,http://disney.go.com/wreck-it-ralph,Wreck-It Ralph
81188,http://www.riseoftheguardians.com/,Rise of the Guardians
140420,http://www.disneyanimation.com/projects/shorts/paperman/,Paperman
83389,http://kokurikozaka.jp/,From Up on Poppy Hill
71883,http://red-line.jp/,Redline
149172,http://www.letfuryhavethehour.com/,Let Fury Have the Hour
86819,http://www.aloisnebel.cz/,Alois Nebel
147538,http://www.bitterfilms.com,It's Such a Beautiful Day
115223,http://www.pokemon.com,Pokémon the Movie Black: Victini and Reshiram
88557,http://www.pokemonthemovie.com/victini/white/,Pokémon the Movie White: Victini and Zekrom
13648,http://www.sonypictures.com/homevideo/residentevildegeneration,Resident Evil: Degeneration
133121,http://www.sonypictures.com/homevideo/residentevildamnation/,Resident Evil: Damnation
84330,http://room237movie.com/,Room 237
68179,http://www.escapeearthmovie.com/,Escape from Planet Earth
114478,http://www.starshiptroopersinvasion-movie.com/,Starship Troopers: Invasion
49519,http://www.thecroodsmovie.com/,The Croods
26547,http://www.wbshop.com/on/demandware.store/Sites-WB-Site/default/Product-Title?pid=266120,'Twas the Night Before Christmas
127544,http://009.ph9.jp/,009 Re: Cyborg
110420,http://www.ookamikodomo.jp,Wolf Children
13647,http://www.invincibleironmandvd.com/,The Invincible Iron Man
30675,http://www.lionsgate.com/planethulk/,Planet Hulk
76589,http://www.warnerbros.com/justice-league-doom,Justice League: Doom
166076,http://www.dccomics.com/movies/superman-unbound-2013,Superman: Unbound
39319,http://www.tov-movie.net/,Tales of Vesperia: The First Strike
39544,http://www.hottarake.jp/index.html,Oblivion Island: Haruka and the Magic Mirror
80518,http://www.hagaren-movie.net/,Fullmetal Alchemist: The Sacred Star of Milos
177271,http://www.dccomics.com/movies/lego-batman-the-movie-dc-super-heroes-unite-2013,Lego Batman: The Movie - DC Super Heroes Unite
93456,http://www.despicableme.com/,Despicable Me 2
183011,http://www.dccomics.com/movies/justice-league-the-flashpoint-paradox-2013,Justice League: The Flashpoint Paradox
103173,http://www.dragonagemovie.com/,Dragon Age: Dawn of the Seeker
77950,http://www.turbomovie.com/,Turbo
77931,http://smurfhappens.com,The Smurfs 2
201676,http://www.hasbro.com/equestriagirls/,My Little Pony: Equestria Girls
30143,http://www.lupin-3rd.net/,Lupin the Third: The Secret of Mamo
65291,http://warnervideo.com/greenlanternemeraldknights/,Green Lantern: Emerald Knights
149870,http://kazetachinu.jp,The Wind Rises
30061,http://www.warnerbros.com/justice-league-crisis-two-earths,Justice League: Crisis on Two Earths
32389,http://www.logorama-themovie.com/,Logorama
37845,http://www.frenchroast.fr/,French Roast
133931,http://zambeziamovie.com/,Zambezia
200481,http://www.pixar.com/short_films/Theatrical-Shorts/The-Blue-Umbrella,The Blue Umbrella
192393,http://sneakattackfilms.wordpress.com/dreamworldmovie/,Dreamworld
176983,http://www.onepiece-film.com/,One Piece Film Z
109445,http://movies.disney.com/frozen,Frozen
51859,http://www.trigun-movie.com/,Trigun: Badlands Rumble
13194,http://www.highlandersearchforvengeance.com/,Highlander: The Search for Vengeance
126963,http://www.dragonball2013.com/,Dragon Ball Z: Battle of Gods
217993,http://www.dccomics.com/movies/justice-league-war-2014,Justice League: War
15359,http://warnervideo.com/wonderwomanmovie/,Wonder Woman
137106,http://www.thelegomovie.com,The Lego Movie
17794,http://www.rollinsydan.com/,Quest for a Heart
98162,http://www.letableau-lefilm.fr/,The Painting
84319,http://oversimplification.mvmt.com/,An Oversimplification of Her Beauty
13934,http://www.pixar.com/short_films/Home-Entertainment-Shorts/Mater-and-the-Ghostlight,Mater and the Ghostlight
13061,http://www.pixar.com/short_films/Home-Entertainment-Shorts/Your-Friend-the-Rat,Your Friend the Rat
24589,http://www.pixar.com/short_films/Home-Entertainment-Shorts/Dug's-Special-Mission,Dug's Special Mission
23527,http://www.first-squad.com,First Squad: The Moment of Truth
222671,http://www.mondomedia.com/shows/dick-figures-the-movie/,Dick Figures: The Movie
119685,http://masseffectparagonlost.com/,Mass Effect: Paragon Lost
257346,http://www.sonypictures.com/movies/avengersconfidentialblackwidowpunisher/,Avengers Confidential: Black Widow & Punisher
52762,http://jaspermorello.com,The Mysterious Geographic Explorations of Jasper Morello
172385,http://www.riomovies.com/,Rio 2
258096,http://www.lionsgatepublicity.com/home-entertainment/alphaandomega3greatwolfgames/,Alpha and Omega 3: The Great Wolf Games
59981,http://www.dorothyofozthemovie.com/,Legends of Oz: Dorothy's Return
140870,http://www.minuscule.com/en/pages/home,Minuscule: Valley of the Lost Ants
82702,http://www.howtotrainyourdragon.com/,How to Train Your Dragon 2
21974,http://www.moneyasdebt.net,Money as Debt
218836,http://movies.disney.com/planes-fire-and-rescue,Planes: Fire & Rescue
64246,http://www.sunrise-inc.co.jp/colorful/,Colorful
35837,http://www.boogielapelicula.com,Boogie
69325,http://www.savocafilms.com/aroundjune/Flash/index.html,Around June
124069,http://www.faroutthemovie.com,Far Out Isn't Far Enough: The Tomi Ungerer Story
287590,http://www.seintseiya2014.com,Saint Seiya: Legend of Sanctuary
149871,http://www.kaguyahime-monogatari.jp/,The Tale of the Princess Kaguya
234284,http://timeofeve.com/,Time of Eve: The Movie
293271,http://www.moominsontheriviera.com/,Moomins on the Riviera
48585,http://www.ward13.com.au/index.html,Ward 13
110073,http://runwrake.com/portfolio_page/rabbit/,Rabbit
177572,http://movies.disney.com/big-hero-6,Big Hero 6
228326,http://www.bookoflifemovie.com/,The Book of Life
234862,http://www.zeilt.com/sites/mrhublot/index_accueil.htm,Mr Hublot
77887,http://www.pixar.com/short_films/Toy-Story-Toons/Hawaiian-Vacation,Hawaiian Vacation
82424,http://www.pixar.com/short_films/Toy-Story-Toons/Small-Fry,Small Fry
98622,http://www.shaneacker.com,9
230731,http://www.solanogludvig.no/,Louis & Luca and the Snow Machine
77951,http://www.walkingwithdinosaurs.com/movie/,Walking With Dinosaurs
52010,http://ultramarinesthemovie.com/,"Ultramarines: A Warhammer 40,000 Movie"
25475,http://disneydvd.disney.go.com/tinker-bell-and-the-lost-treasure.html,Tinker Bell and the Lost Treasure
157305,http://www.headoverheelsfilm.com,Head Over Heels
212167,http://patema.jp/,Patema Inverted
86532,http://www.pathsofhate.com/en/,Paths of Hate
233423,http://www.thelegendofsarila.com/,The Legend of Sarila
242828,http://marnie.jp,When Marnie Was There
110416,http://www.cartoonsaloon.ie/2009/06/feature-films-song-of-the-sea/,Song of the Sea
304023,http://www.aniplexusa.com/expelledfromparadise,Rakuen Tsuihou - Expelled from Paradise
170522,http://www.sndm6group.com/Product/130/ASTERIX--the-Land-of-the-Gods,Asterix: The Mansions of the Gods
79218,http://www.blueskystudios.com,Ice Age: A Mammoth Christmas
252511,http://yumetokyoki.com/,The Kingdom of Dreams and Madness
172391,http://www.triggerfish.co.za/khumba/,Khumba
26540,https://en.wikipedia.org/wiki/Bugs_Bunny's_Looney_Christmas_Tales,Bugs Bunny's Looney Christmas Tales
116977,http://www.thresholdanimationstudios.com/video.php?id=foodfight,Foodfight!
288581,http://www.rocksinmypocketsmovie.com,Rocks in my Pockets
16460,http://garfield.com/d2v/index.html,Garfield Gets Real
130925,http://www.pixar.com/short_films/toy-story-toons/Partysaurus-Rex,Partysaurus Rex
26700,http://www.nocturna.com/,Nocturna
157301,http://adamanddog.tumblr.com/,Adam and Dog
132601,http://www.imdb.com/title/tt1978567/,The Reef 2: High Tide
222715,http://shinkaimakoto.jp/archives/504,Someone's Gaze
276819,http://www.yoramgrossfilms.com.au/dot/dot6.html,Dot and the Whale
30178,http://www.sonypictures.com/cthe/stuartlittle3/site/,Stuart Little 3: Call of the Wild
24554,http://www.landbeforetime.com/,The Land Before Time X: The Great Longneck Migration
45662,http://www.spacechimps2.com,Space Chimps 2: Zartog Strikes Back
297556,http://www.warnerbros.com/justice-league-throne-atlantis-0,Justice League: Throne of Atlantis
51800,http://www.thedolphin-movie.com/,The Dolphin: Story of a Dreamer
180644,http://www.anina.com.uy/,Anina
261830,http://www.biophiliathefilm.com,Björk: Biophilia Live
44874,http://www.barbie.com/fashion-fairytale/,Barbie: A Fashion Fairytale
141754,http://www.eonet.ne.jp/~y-nagao/GAIDEN.htm,Chainsaw Maid
302429,http://lucasfilm.com/strange-magic,Strange Magic
217590,http://www.cameramagica.no/a_year.htm,A Year Along the Abandoned Road
100246,http://de.wikipedia.org/wiki/Gertie_the_Dinosaur,Gertie the Dinosaur
19106,http://www.lascars-lefilm.com/,Lascars
269711,http://www.james-woo.com/#!jonnyexpress/ccag,JohnnyExpress
228165,http://www.spongebobmovie.com/,The SpongeBob Movie: Sponge Out of Water
196750,http://www.kokaku-a.com/,Ghost in the Shell Arise - Border 1: Ghost Pain
322456,http://www.lego.com/en-us/dccomicssuperheroes,LEGO DC Comics Super Heroes: Justice League vs. Bizarro League
50135,http://www.kdt.film.de/,Animals United
73530,http://m-scramble.jp/combustion/,Mardock Scramble: The Second Combustion
265712,http://doraemon-3d.com/,Stand by Me Doraemon
264553,https://www.facebook.com/defriestfilm,The Life and Mind of Mark DeFriest
113082,http://www.berserkfilm.com,Berserk: The Golden Age Arc 1 - The Egg of the King
144288,http://www.berserkfilm.com/index.php,Berserk: The Golden Age Arc 3 - The Advent
228161,http://www.meettheboov.com/,Home
79433,http://www.ronalthebarbarian.com/,Ronal the Barbarian
16119,http://movies.disney.com/cinderella-3-a-twist-in-time,Cinderella III: A Twist in Time
10010,http://movies.disney.com/brother-bear-2,Brother Bear 2
263109,http://www.shaunthesheep.com/,Shaun the Sheep Movie
321528,http://www.warnerbros.com/batman-vs-robin,Batman vs. Robin
94205,http://exaella.cyberpunk-anime.com,Exaella
73529,http://m-scramble.jp/compression/,Mardock Scramble: The First Compression
122662,http://m-scramble.jp/exhaust/,
297270,http://fairies.disney.com/tinker-bell-and-the-legend-of-the-neverbeast,Tinker Bell and the Legend of the NeverBeast
175112,http://fairies.disney.com/the-pirate-fairy,Tinker Bell and the Pirate Fairy
202575,http://www.nwave.com/films/3d-feature-films/13-films-cat/feature/95-the-house-of-magic-3d,Thunder and the House of Magic
13002,http://barbie.everythinggirl.com/activities/fantasy/princess/12dp/,Barbie in the 12 Dancing Princesses
129533,http://www.barbie.com/princess-popstar/index.html,Barbie: The Princess & The Popstar
34134,http://www.barbie.com/mermaid-tale/,Barbie in A Mermaid Tale
23566,http://barbie.everythinggirl.com/activities/fantasy/princess/musketeers/,Barbie and the Three Musketeers
13459,http://www.barbie.com/christmas,Barbie in 'A Christmas Carol'
196254,http://www.barbie.com,Barbie: Mariposa and The Fairy Princess
16418,http://barbie.everythinggirl.com/thumbelina/,Barbie Presents: Thumbelina
44683,http://disneydvd.disney.go.com/tinker-bell-and-the-great-fairy-rescue.html,Tinker Bell and the Great Fairy Rescue
13179,http://disney.go.com/fairies/movies/about.html,Tinker Bell
86412,http://morrislessmore.com/,The Fantastic Flying Books of Mr Morris Lessmore
150540,http://movies.disney.com/inside-out,Inside Out
38248,http://www.technotise.com,Technotise: Edit & I
328111,http://www.thesecretlifeofpets.com/,The Secret Life of Pets
18839,http://www.productionig.com/contents/works_sp/03_/index.html,Ghost in the Shell: Stand Alone Complex - The Laughing Man
153153,http://www.pablothemovie.com/,Pablo
255528,http://shows.disney.com/blank,Blank: A Vinylmation Love Story
211672,http://www.minionsmovie.com/,Minions
105864,http://movies.disney.com/the-good-dinosaur,The Good Dinosaur
284274,http://marvel-movies.wikia.com/wiki/Iron_Man_%26_Captain_America:_Heroes_United,Iron Man & Captain America: Heroes United
46343,http://www.oktapodi.com/,Oktapodi
36218,http://www.pokemon.com/us/movies/movie-jirachi-wish-maker-2004/,Pokémon: Jirachi Wish Maker
81003,http://www.kungfupanda.com,Kung Fu Panda: Secrets of the Masters
39057,http://www.pokemon.com/us/movies/movie-pokemon-arceus-and-the-jewel-of-life-2009/,Pokémon: Arceus and the Jewel of Life
25961,http://www.pokemon.com/us/movies/movie-pokemon-the-rise-of-darkrai-2008/,Pokémon: The Rise of Darkrai
34067,http://www.pokemon.com/us/movies/movie-pokemon-lucario-and-the-mystery-of-mew-2006/,Pokémon: Lucario and the Mystery of Mew
118406,http://www.naruto-movie.com/,Naruto Shippuden the Movie: Road to Ninja
72972,http://familyentertainment.kidswb.com/product/tom-and-jerry-the-wizard-of-oz,Tom and Jerry & The Wizard of Oz
43956,"http://www.wbshop.com/Tom-and-Jerry-Meet-Sherlock-Holmes/1000116423,default,pd.html",Tom and Jerry Meet Sherlock Holmes
303857,http://www.dragonball2015.com/,Dragon Ball Z: Resurrection 'F'
323027,http://www.warnerbros.com/justice-league-gods-and-monsters,Justice League: Gods and Monsters
60843,http://www.nasu-summer.com/,Nasu: Summer in Andalusia
77248,http://www.genius-party.jp/,Genius Party Beyond
4398,http://www.lissi.film.de/,Lissi and the Wild Emperor
16808,http://www.pokemon.com/us/movies/movie-pokemon-ranger-and-the-temple-of-the-sea-2007/,Pokémon Ranger and the Temple of the Sea
292795,http://www.yellowbird-themovie.com/,Yellowbird
326215,http://ulyssesfilms.de/films-series.html#Ooops!%20Noah%20is%20gone%E2%80%A6,Ooops! Noah is Gone...
96750,http://crisisofcivilization.com/,The Crisis of Civilization
291270,http://www.anomalisa.com/,Anomalisa
240341,http://kokaku-a.jp/,Ghost in the Shell Arise - Border 3: Ghost Tears
279254,http://news.kokaku-a.jp/,Ghost in the Shell Arise - Border 4: Ghost Stands Alone
47292,http://www.pokemongiratina.com,Pokémon: Giratina and the Sky Warrior
286192,http://www.pixar.com/short_films/Theatrical-Shorts/Lava,Lava
252520,http://shortpeace-movie.com/,Short Peace
23903,http://curiousgeorgedvd.com/index2.html,Curious George 2: Follow That Monkey!
284674,http://www.air-themovie.com,Air
56672,http://legendofsecretpass.com,The Legend of Secret Pass
16516,http://www.toei-anim.co.jp/movie/2007_clannad,Clannad: The Motion Picture
12448,http://movies.disney.com/the-hunchback-of-notre-dame-2,The Hunchback of Notre Dame II
209921,http://www.slimtime-movie.com,Slimtime
355135,http://www.hamutaro.com/,Hamtaro: The Captive Princess
50087,http://www.pokemonthemovie.com/zoroark/,Pokémon: Zoroark: Master of Illusions
350499,http://www.pokemon-movie.jp/,Pokémon the Movie: Hoopa and the Clash of Ages
230896,http://marvel.com/movies/movie/184/marvels_iron_man_hulk_heroes_united,Iron Man & Hulk: Heroes United
80089,http://www.animenewsnetwork.com/encyclopedia/anime.php?id=2345,Parasite Dolls
283161,http://gibransprophetmovie.com/,The Prophet
239523,http://www.hxh-movie.jp/,Hunter × Hunter: The Last Mission
267970,http://www.production-ig.co.jp/works/sarusuberi,Miss Hokusai
312963,http://www.macropolis.tv/,Macropolis
182131,http://littlewitchacademia.jp/,Little Witch Academia
62368,http://catshitone.jp/,Cat Shit One
245536,http://www.rabbitanddeer.com/,Rabbit and Deer
309809,http://www.thelittleprincemovie.com/,The Little Prince
252983,http://www.slycoopermovie.com,Sly Cooper
184608,http://www.saint023.com,Saint Young Men
257445,http://www.goosebumps-movie.com/,Goosebumps
356161,http://www.tiff.net/festivals/festival15/tiffkids/phantom-boy,Phantom Boy
70656,http://www.vanguardcinema.com/imagination/imagination.htm,Imagination
339669,http://www.blinkybill.com.au/,Blinky Bill the Movie
227973,http://www.peanutsmovie.com/,The Peanuts Movie
315465,http://www.bakemono-no-ko.jp/index.html,The Boy and the Beast
79853,http://en.wikipedia.org/wiki/38_Parrots,38 Parrots
21534,http://wdshe.jp/ghibli/special/iblard/,Iblard Jikan
292177,http://www.mlpeg.com,My Little Pony: Equestria Girls - Rainbow Rocks
349158,http://www.mlpeg.com/,My Little Pony: Equestria Girls - Friendship Games
23150,http://www.karanokyoukai.com,The Garden of Sinners - Chapter 1: Overlooking View
78570,http://www.topcatthemovie.com/,Top Cat The Movie
334376,http://kokaku-a.jp/,Ghost in the Shell: The New Movie
303867,http://bitterfilms.com,World of Tomorrow
201223,http://www.ao-ex.com/,Blue Exorcist: The Movie
140300,http://www.kungfupanda.com/,Kung Fu Panda 3
16157,http://www.gundam-cca.net/,Mobile Suit Gundam: Char's Counterattack
336313,http://shadowmachine.com/#/projects/featured/hell_back,Hell & Back
77194,http://cinema.werde.com/new/kaze_shonen.html,The Boy Who Saw the Wind
204755,http://fuse-anime.com/,"Fuse, Memoirs of the Hunter Girl"
59297,http://www.arete.jp/index.html,Princess Arete
54657,http://lava-kusa.com/,Lava Kusa-The Warrior Twins
79516,http://www.tekken-bloodvengeance.com/,TEKKEN: Blood Vengeance
13274,http://www.square-enix.co.jp/dvd/ff7ac/,Last Order: Final Fantasy VII
16907,http://pierrot.jp/title/naruto/movie/,Naruto the Movie: Ninja Clash in the Land of Snow
276905,http://www.normofthenorth.movie,Norm of the North
165718,http://www.kickstarter.com/projects/production-ig/masaaki-yuasas-kick-heart/,Kick-heart
345775,http://toutenhautdumonde.blogspot.com/,Long Way North
68555,http://www.ntv.co.jp/deathnote/,Death Note Relight 2: L's Successors
18874,http://production-ig.com/contents/works_sp/47_/s00_/000481.html,Ghost in the Shell: Stand Alone Complex - Solid State Society
53074,http://www.taringa.net/posts/tv-peliculas-series/1663967/Mafalda-_La-pelicula_.html,Mafalda - La Pelicula
269149,http://movies.disney.com/zootopia,Zootopia
324978,http://www.cbc.ca/mediacentre/pirates-passage.html,Pirate's Passage
286940,http://www.hammerhead.com/new_site/animation/boxcar.html,The Boxcar Children
118408,http://wwws.warnerbros.co.jp/budori/,The Life of Guskou Budori
351981,http://www.punkrobot.cl/projects/historia-de-un-oso/,Bear Story
341007,http://www.3bahadurmovie.com/,3 Braves
382517,http://www.sonypictures.com/movies/openseasonscaredsilly/,Open Season: Scared Silly
135204,http://www.joonisfilm.ee/filmid/frank-ja-wendy,Frank & Wendy
67941,http://www.wildbunch-distribution.com/site/maxandco/,Max & Co
137200,http://www.backtotheseamovie.com/,Back To The Sea
382581,http://origin.monsterhigh.com/en-us/index.html,Monster High Great Scarrier Reef
242546,http://www.bayonetta-movie.com/,Bayonetta: Bloody Fate
239367,http://wwws.warnerbros.co.jp/giovanni/,Giovanni's Island
317213,http://vimeo.com/111524409,The Twin Girls of Sunset Street
204344,http://www.adam-butcher.co.uk/internet-story/,Internet Story
23154,http://www.karanokyoukai.com,The Garden of Sinners - Chapter 4: The Hollow Shrine
212156,http://www.karanokyoukai.com/,The Garden of Sinners: Future Gospel
85693,http://www.dreamworksanimation.com/,Hammy's Boomerang Adventure
37048,http://www.gundam00.net/,Mobile Suit Gundam 00: A Wakening of the Trailblazer
60964,http://www.macrossf.com/movie2/,Macross Frontier: The Wings of Goodbye
47747,http://karanokyoukai.com/,The Garden of Sinners: Epilogue
127380,http://movies.disney.com/finding-dory,Finding Dory
153518,http://www.angrybirds-movie.com/en/,The Angry Birds Movie
86517,http://bitterfilms.com/tour-press-2012.html,It's Such a Beautiful Day
25843,http://karas.manga.com/,Karas: The Prophecy
44885,http://www.kite-liberator.com/,Kite Liberator
87636,http://www.absoluteanime.com/animation_runner_kuromi/index.htm,Animation Runner Kuromi
234004,http://www.ratchetandclankmovie.com,Ratchet & Clank
173443,http://www.umahistoriadeamorefuria.com.br/,Rio 2096: A Story of Love and Fury
120872,http://www.girlandthefox.com/,The Girl and the Fox
258509,http://www.foxmovies.com/movies/alvin-and-the-chipmunks-the-road-chip,Alvin and the Chipmunks: The Road Chip
223702,http://www.sausagepartymovie.com,Sausage Party
33108,http://www.souzmult.com/index.php?option=com_wrapper&Itemid=119,The Bremen Town Musicians
278154,http://www.iceagemovies.com/films/ice-age-collision-course,Ice Age: Collision Course
367197,http://boombustclick.com/thefilm.php,Boom Bust Boom
309882,http://www.patternsofevidence.com/en/,Patterns of Evidence: The Exodus
399106,http://www.pixar.com/short_films/Theatrical-Shorts/Piper,Piper
376233,http://www.lifeanimateddoc.com/,"Life, Animated"
382322,http://www.dccomics.com/movies,Batman: The Killing Joke
390734,http://www.kingsglaivefinalfantasyxv-movie.com,Kingsglaive: Final Fantasy XV
368940,http://www.thewildlife.movie/,Robinson Crusoe
268893,http://veggietales.com,VeggieTales: Where's God When I'm Scared
275136,http://veggietales.com/,VeggieTales: The Ultimate Silly Song Countdown
273578,http://www.bigidea.com,VeggieTales: The Ballad of Little Joe
273149,http://www.amazon.com/VeggieTales-Duke-Great-Pie-War/dp/B0006IIOKO,VeggieTales: Duke and the Great Pie War
273205,http://store.veggietales.com/tomato-sawyer-huckleberry-larry-s-big-river-rescue-veggietales-dvd.html,VeggieTales: Tomato Sawyer & Huckleberry Larry's Big River Rescue
366656,http://www.laguerredestuques3d.com/en/,Snowtime!
271706,http://www.xxbt.com/dahai,Big Fish & Begonia
358332,https://gooseberry.blender.org/,Cosmos Laundromat
313297,http://kubothemovie.com,Kubo and the Two Strings
342588,http://project-itoh.com/,Empire of Corpses
57500,http://www.originalmoomin.com/,Moomins and the Comet Chase
357786,http://kizumonogatari-usa.com/,Kizumonogatari Part 1: Tekketsu
55426,http://breakblade.jp/,Broken Blade: Book One - The Time of Awakening
55431,http://breakblade.jp/,Broken Blade: Book Three - The Mark of the Assassin's Dagger
55430,http://breakblade.jp/,Broken Blade: Book Two - The Split Path
55435,http://breakblade.jp/,Broken Blade: Book Four - The Earth of Calamity
55437,http://breakblade.jp/,Broken Blade: Book Five - The Horizon Between Life and Death
55438,http://breakblade.jp/,Broken Blade: Book Six - Enclave of Lamentations
357390,http://www.ajin.net/,Ajin: Demi-Human - Compel
372058,https://www.funimationfilms.com/movie/yourname/,Your Name.
355066,http://thebadcatmovie.com/,Bad Cat
381028,http://www.towerdocumentary.com,Tower
332210,http://www.storks-movie.net/,Storks
393559,http://www.mylifeasazucchini.com/,My Life as a Zucchini
89825,http://www.poplar.co.jp/special/umasou/,You Are Umasou
145316,http://www.pixar.com/short_films/Cars-Toons/Air-Mater,Air Mater
379779,http://www.jacobfrey.de/thepresent/,The Present
411736,https://www.warnerbros.co.uk/movies/batman-return-of-the-caped-crusaders,Batman: Return of the Caped Crusaders
136799,http://www.dreamworks.com/trolls/,Trolls
385722,http://www.celsiusentertainment.com/films/bling/,Bling
421281,http://borrowedtimeshort.com/,Borrowed Time
337550,http://www.flatlandthemovie.com,Flatland
33065,http://www.aleshapopovich.ru/,Alesha Popovich and Tugarin the Dragon
33534,http://dobrinya.3bogatirya.ru/about/,Nikitich and The Dragon
378064,http://asilentvoice.com.au/,A Silent Voice
364111,http://anthemoftheheart.com/,The Anthem of the Heart
277834,http://movies.disney.com/moana,Moana
52939,http://3bogatirya.ru/,Tri bogatyrya i Shamakhanskaya tsaritsa
124277,http://www.themakerfilm.com/,The Maker
335797,http://www.singmovie.com/,Sing
31160,http://almashortfilm.com/,Alma
342473,http://www.ballerinafilm.co.uk/,Ballerina
262841,http://www.monstertrucksmovie.com/,Monster Trucks
394759,http://sheepandwolvesmovie.com/,Sheep & Wolves
324849,http://www.legobatman.com,The Lego Batman Movie
256421,http://www.dccomics.com/,Superman 75
374205,http://www.onepiece-film2016.com/,One Piece Film: GOLD
362584,http://kizumonogatari-usa.com/,Kizumonogatari Part 2: Nekketsu
362585,http://kizumonogatari-usa.com/,Kizumonogatari Part 3: Reiketsu
295693,http://www.dreamworks.com/thebossbaby/,The Boss Baby
408220,http://www.warnerbros.com/justice-league-dark,Justice League Dark
374251,http://www.stickmanofficial.com/,Stick Man
411221,http://scfilmsinternational.com/ozzy.html,Ozzy
372754,http://www.dou-kyu-sei.com/,Classmates
396263,http://gantzo.jp/,Gantz:O
441043,https://www.facebook.com/AsteriaTheMovie/,Asteria
403114,http://www.windowhorses.com,Window Horses
347413,http://littlewitchacademia.jp/,Little Witch Academia: The Enchanted Parade
211798,http://www.wallaceandgromit.com/films/crackingcontraptions/,Wallace & Gromit's Cracking Contraptions
421962,http://www.cineplex.com/snowman,Lily  & the Snowman
20760,http://disneydvd.disney.go.com/lilo-stitch-2-stitch-has-a-glitch.html,Lilo & Stitch 2: Stitch has a Glitch
413927,http://www.filmsdistribution.com/Film.aspx?ID=54737,Louise by the Shore
322487,http://sparkaspacetail.com,Spark: A Space Tail
57091,http://www.grannyogrimm.com/,Granny O'Grimm's Sleeping Beauty
141102,http://www.amazon.co.uk/Swan-Princess-Christmas-Richard-Rich/dp/B008JBZ660,The Swan Princess Christmas
268531,http://www.foxmovies.com/movies/captain-underpants-the-first-epic-movie,Captain Underpants: The First Epic Movie
260514,http://cars.disney.com,Cars 3
400136,http://www.residentevilvendetta.com/,Resident Evil: Vendetta
378108,http://www.konosekai.jp/,In This Corner of the World
51522,http://www.ineedthatrecord.com,I Need That Record
360404,http://www.monsterhigh.com/en-us/videos/index.html,"Monster High: Boo York, Boo York"
212470,http://www.monsterhigh13wishes.com,Monster High: 13 Wishes
324852,http://www.despicable.me,Despicable Me 3
333667,http://www.rockdogmovie.com/,Rock Dog
17101,http://www.tv-tokyo.co.jp/bleach/2007/index.html,Bleach: The DiamondDust Rebellion
41313,http://www.plymptoons.com/,The Tune
416445,http://www.revengeancemovie.com/,Revengeance
409421,http://www.blame.jp/,Blame!
243312,https://www.nfb.ca/film/what_on_earth,What on Earth!
16455,http://www.the-magic-roundabout.com,The Magic Roundabout
2791,http://www.thechroniclesofriddick.com,The Chronicles of Riddick: Dark Fury
13981,http://www.exmachina.jp/,Appleseed: Ex Machina
425916,http://www.fat-pie.com/salad.htm,Salad Fingers
127144,http://beckyandjoes.com/dont-hug-me-im-scared/,"Don't Hug Me, I'm Scared"
459802,http://www.brainfeederfilms.com/#/david-firth/,Cream
366170,http://www.yugioh20th.com/,Yu-Gi-Oh!: The Dark Side of Dimensions
133131,http://www.snoopy.com,"Why, Charlie Brown, Why?"
10991,http://movies.warnerbros.com/pk3/,Pokémon: Spell of the Unknown
12600,http://www.pokemon.com/us/movies/movie-pokemon-4ever-2002/,Pokémon 4Ever: Celebi - Voice of the Forest
52803,http://www.pixelnitrate.com/sebastians_voodoo,Sebastian's Voodoo
378236,http://www.theemoji-movie.com/,The Emoji Movie
366071,http://www.embrace-the-weird.com/Enchiridion-Movie/Home.html,Enchiridion
351423,https://vimeo.com/18603661,Dock Ellis & The LSD No-No
433471,https://www.pixar.com/lou,Lou
